-1.624363000000000001e+00,-6.392790000000000417e-01,-4.059967999999999577e+00
-1.629753999999999925e+00,-6.057670000000000554e-01,-4.073442000000000007e+00
-1.603224999999999900e+00,-6.384720000000000395e-01,-4.054840000000000444e+00
-1.619297999999999904e+00,-6.090459999999999763e-01,-4.095489999999999853e+00
-1.604926000000000075e+00,-6.468500000000000361e-01,-4.108047000000000004e+00
-1.612254999999999994e+00,-6.137029999999999985e-01,-4.126803999999999917e+00
-1.578862999999999905e+00,-6.441050000000000386e-01,-4.090619000000000227e+00
-1.581957999999999975e+00,-6.095140000000000002e-01,-4.098638000000000225e+00
-1.570916999999999897e+00,-6.487760000000000193e-01,-4.120276999999999745e+00
-1.562877999999999989e+00,-6.095970000000000555e-01,-4.099192000000000391e+00
-1.549406999999999979e+00,-6.118970000000000242e-01,-4.114659999999999762e+00
-1.503544999999999909e+00,-6.013009999999999744e-01,-4.043408999999999587e+00
-1.525878999999999985e+00,-5.743369999999999864e-01,-4.103470999999999869e+00
-1.490882999999999958e+00,-6.038810000000000011e-01,-4.060759000000000007e+00
-1.507119000000000097e+00,-5.745479999999999476e-01,-4.104981999999999687e+00
-1.496048000000000044e+00,-6.138430000000000275e-01,-4.127748000000000417e+00
-1.488785000000000025e+00,-5.749300000000000521e-01,-4.107707999999999693e+00
-1.471133000000000024e+00,-6.115629999999999677e-01,-4.112411999999999956e+00
-1.457918000000000047e+00,-5.704179999999999806e-01,-4.075471000000000288e+00
-1.428133000000000097e+00,-5.662150000000000238e-01,-4.045439000000000007e+00
-1.443151999999999990e+00,-5.364090000000000247e-01,-4.087984999999999758e+00
-1.426150999999999947e+00,-5.730699999999999683e-01,-4.094419000000000253e+00
-1.431195999999999913e+00,-5.391540000000000221e-01,-4.108902999999999750e+00
-1.397224999999999939e+00,-5.691380000000000328e-01,-4.066322999999999688e+00
-1.415262000000000020e+00,-5.404539999999999900e-01,-4.118814000000000419e+00
-1.393577999999999983e+00,-5.755360000000000475e-01,-4.112039000000000222e+00
-1.388466999999999896e+00,-5.375860000000000083e-01,-4.096957999999999878e+00
-1.374206000000000039e+00,-5.755289999999999573e-01,-4.111988000000000198e+00
-1.372090999999999950e+00,-5.387279999999999847e-01,-4.105658000000000030e+00
-1.321326999999999918e+00,-5.262080000000000091e-01,-4.010244000000000142e+00
-1.349007000000000067e+00,-5.014159999999999728e-01,-4.094252000000000002e+00
-1.332265999999999950e+00,-5.382529999999999815e-01,-4.102043000000000106e+00
-1.332300000000000040e+00,-5.023830000000000240e-01,-4.102146000000000292e+00
-1.315261000000000013e+00,-5.391979999999999551e-01,-4.109240999999999921e+00
-1.315271999999999997e+00,-5.032550000000000079e-01,-4.109274000000000093e+00
-1.293112000000000039e+00,-5.380300000000000082e-01,-4.100338999999999956e+00
-1.274262000000000006e+00,-4.948409999999999753e-01,-4.040566000000000102e+00
-1.253616000000000064e+00,-4.941999999999999726e-01,-4.035330000000000084e+00
-1.254388000000000059e+00,-5.021120000000000028e-01,-4.099935999999999581e+00
-1.259171999999999958e+00,-4.680250000000000243e-01,-4.115568999999999811e+00
-1.223057000000000061e+00,-4.972199999999999953e-01,-4.059992000000000267e+00
-1.229354999999999976e+00,-4.640819999999999945e-01,-4.080896000000000079e+00
-1.213716999999999935e+00,-5.012550000000000061e-01,-4.092939000000000327e+00
-1.207842000000000082e+00,-4.631979999999999986e-01,-4.073126000000000246e+00
-1.196182999999999996e+00,-5.019810000000000105e-01,-4.098868999999999652e+00
-1.177003999999999939e+00,-4.586520000000000041e-01,-4.033153999999999684e+00
-1.155874000000000068e+00,-4.578019999999999867e-01,-4.025679000000000229e+00
-1.181980000000000031e+00,-4.321309999999999873e-01,-4.116598999999999897e+00
-1.154803999999999942e+00,-4.650009999999999977e-01,-4.088983999999999952e+00
-1.157732999999999901e+00,-4.303210000000000091e-01,-4.099356000000000222e+00
-1.138179999999999970e+00,-4.660750000000000171e-01,-4.098427000000000042e+00
-1.129545000000000021e+00,-4.269589999999999774e-01,-4.067332999999999643e+00
-1.119509000000000087e+00,-4.663340000000000263e-01,-4.100700999999999929e+00
-1.103491000000000000e+00,-4.243029999999999857e-01,-4.042027000000000037e+00
-1.090357999999999938e+00,-4.621589999999999865e-01,-4.063988000000000156e+00
-1.099668000000000090e+00,-4.302509999999999946e-01,-4.098689000000000249e+00
-1.065831999999999891e+00,-4.244589999999999752e-01,-4.043516999999999584e+00
-1.078993000000000091e+00,-3.938920000000000199e-01,-4.093445000000000000e+00
-1.048861000000000043e+00,-4.252949999999999786e-01,-4.051479999999999748e+00
-1.050777000000000072e+00,-3.905660000000000243e-01,-4.058879000000000126e+00
-1.040324000000000026e+00,-4.296449999999999991e-01,-4.092919000000000196e+00
-1.031686000000000103e+00,-3.905710000000000015e-01,-4.058934999999999960e+00
-1.020871000000000084e+00,-4.295660000000000034e-01,-4.092164999999999608e+00
-1.009187999999999974e+00,-3.892630000000000257e-01,-4.045335999999999821e+00
-9.999289999999999567e-01,-3.931080000000000130e-01,-4.085302999999999685e+00
-9.701490000000000391e-01,-3.888789999999999747e-01,-4.041350000000000442e+00
-9.782999999999999474e-01,-3.564970000000000083e-01,-4.075306000000000317e+00
-9.651629999999999932e-01,-3.946180000000000243e-01,-4.100995000000000168e+00
-9.573390000000000510e-01,-3.558359999999999856e-01,-4.067747999999999919e+00
-9.366520000000000401e-01,-3.907769999999999855e-01,-4.061071000000000097e+00
-9.429410000000000291e-01,-3.576369999999999827e-01,-4.088339000000000389e+00
-9.223230000000000040e-01,-3.928150000000000253e-01,-4.082254999999999967e+00
-9.274289999999999479e-01,-3.590820000000000123e-01,-4.104855999999999838e+00
-9.061810000000000143e-01,-3.583200000000000274e-01,-4.096146000000000065e+00
-9.026659999999999684e-01,-3.212369999999999948e-01,-4.080258999999999858e+00
-8.867159999999999487e-01,-3.582449999999999801e-01,-4.095293999999999990e+00
-8.813330000000000330e-01,-3.204640000000000266e-01,-4.070433999999999664e+00
-8.639400000000000412e-01,-3.568000000000000060e-01,-4.078772999999999982e+00
-8.641480000000000272e-01,-3.211970000000000103e-01,-4.079753000000000185e+00
-8.459780000000000078e-01,-3.573219999999999730e-01,-4.084742000000000317e+00
-8.445460000000000189e-01,-3.210459999999999980e-01,-4.077825999999999951e+00
-8.250359999999999916e-01,-3.565809999999999813e-01,-4.076268999999999920e+00
-8.258520000000000305e-01,-3.212400000000000255e-01,-4.080299000000000120e+00
-7.945320000000000160e-01,-3.164159999999999751e-01,-4.019023999999999930e+00
-8.068290000000000184e-01,-2.856119999999999770e-01,-4.081226000000000020e+00
-7.889350000000000529e-01,-3.218500000000000250e-01,-4.088045000000000151e+00
-7.875490000000000546e-01,-2.855860000000000065e-01,-4.080860999999999628e+00
-7.621499999999999941e-01,-3.186959999999999793e-01,-4.047987000000000002e+00
-7.674090000000000078e-01,-2.852399999999999936e-01,-4.075916999999999568e+00
-7.512760000000000549e-01,-3.222039999999999904e-01,-4.092541999999999902e+00
-7.486059999999999937e-01,-2.853859999999999730e-01,-4.077998000000000012e+00
-7.196780000000000399e-01,-2.815779999999999950e-01,-4.023584999999999745e+00
-7.121140000000000247e-01,-2.861489999999999867e-01,-4.088898999999999617e+00
-7.081809999999999494e-01,-2.489969999999999961e-01,-4.066311999999999927e+00
-6.805120000000000058e-01,-2.810460000000000180e-01,-4.015977999999999604e+00
-6.794440000000000479e-01,-2.455289999999999973e-01,-4.009680999999999607e+00
-6.615910000000000402e-01,-2.810380000000000100e-01,-4.015874000000000166e+00
-6.620209999999999706e-01,-2.460680000000000089e-01,-4.018480000000000274e+00
-6.423619999999999886e-01,-2.808950000000000058e-01,-4.013830999999999705e+00
-6.398390000000000466e-01,-2.448180000000000078e-01,-3.998066999999999815e+00
-6.217810000000000281e-01,-2.801350000000000229e-01,-4.002963000000000271e+00
-6.244300000000000406e-01,-2.461619999999999919e-01,-4.020020999999999844e+00
-6.281189999999999829e-01,-2.122429999999999872e-01,-4.043770999999999560e+00
-6.082840000000000469e-01,-2.472910000000000108e-01,-4.038452000000000375e+00
-6.033020000000000049e-01,-2.102279999999999982e-01,-4.005373999999999768e+00
-5.967339999999999867e-01,-2.504210000000000047e-01,-4.089565000000000339e+00
-5.932560000000000056e-01,-2.133950000000000014e-01,-4.065730000000000288e+00
-5.739260000000000472e-01,-2.488779999999999881e-01,-4.064365999999999701e+00
-5.770089999999999941e-01,-2.144699999999999940e-01,-4.086202000000000112e+00
-5.484689999999999843e-01,-2.460400000000000087e-01,-4.018025999999999875e+00
-5.458589999999999831e-01,-2.098879999999999912e-01,-3.998902999999999874e+00
-5.283189999999999831e-01,-2.454649999999999888e-01,-4.008636000000000088e+00
-5.350049999999999528e-01,-2.130610000000000004e-01,-4.059363000000000277e+00
-5.313520000000000465e-01,-1.763389999999999957e-01,-4.031647999999999676e+00
-5.171829999999999483e-01,-2.135920000000000041e-01,-4.069479000000000291e+00
-5.104039999999999688e-01,-1.756600000000000106e-01,-4.016136000000000372e+00
-4.999899999999999900e-01,-2.144340000000000135e-01,-4.085512999999999728e+00
-4.983920000000000017e-01,-1.781240000000000046e-01,-4.072449999999999903e+00
-4.701540000000000163e-01,-2.097030000000000005e-01,-3.995387000000000022e+00
-4.780840000000000090e-01,-1.776999999999999968e-01,-4.062774000000000107e+00
-4.546040000000000081e-01,-2.112159999999999871e-01,-4.024202999999999975e+00
-4.613550000000000151e-01,-1.786270000000000080e-01,-4.083971000000000018e+00
-4.329549999999999788e-01,-1.749199999999999922e-01,-3.999198999999999948e+00
-4.337039999999999784e-01,-1.401779999999999970e-01,-4.006121000000000265e+00
-4.215419999999999723e-01,-1.780500000000000138e-01,-4.070770000000000444e+00
-4.134840000000000182e-01,-1.397170000000000079e-01,-3.992952999999999975e+00
-3.943169999999999731e-01,-1.744819999999999982e-01,-3.989193000000000211e+00
-3.960739999999999816e-01,-1.402069999999999983e-01,-4.006961000000000439e+00
-3.824130000000000029e-01,-1.776749999999999996e-01,-4.062193999999999861e+00
-3.842820000000000125e-01,-1.428349999999999898e-01,-4.082047000000000203e+00
-3.565329999999999888e-01,-1.743689999999999962e-01,-3.986617999999999995e+00
-3.633040000000000158e-01,-1.421449999999999936e-01,-4.062325000000000408e+00
-3.650240000000000151e-01,-1.071129999999999999e-01,-4.081565000000000332e+00
-3.825819999999999776e-01,-3.742199999999999693e-02,-4.277886999999999773e+00
-3.825930000000000164e-01,0.000000000000000000e+00,-4.278010000000000090e+00
-3.819779999999999842e-01,3.736300000000000038e-02,-4.271136000000000266e+00
-3.814500000000000113e-01,7.462199999999999389e-02,-4.265233000000000274e+00
-3.391529999999999823e-01,-1.400669999999999971e-01,-4.002958999999999712e+00
-3.416660000000000252e-01,-1.058290000000000064e-01,-4.032620999999999789e+00
-3.625410000000000021e-01,-7.486299999999999899e-02,-4.279011999999999816e+00
-3.626519999999999744e-01,-3.744299999999999712e-02,-4.280318000000000289e+00
-3.603950000000000209e-01,0.000000000000000000e+00,-4.253675999999999569e+00
-3.613450000000000273e-01,3.730800000000000088e-02,-4.264897000000000382e+00
-3.607130000000000059e-01,7.448599999999999666e-02,-4.257431999999999661e+00
-3.604550000000000254e-01,1.116489999999999982e-01,-4.254387000000000363e+00
-3.617380000000000040e-01,1.493950000000000000e-01,-4.269533000000000023e+00
-3.418059999999999987e-01,-1.494669999999999888e-01,-4.271582999999999686e+00
-3.221510000000000207e-01,-1.056539999999999979e-01,-4.025952000000000197e+00
-3.214299999999999935e-01,-7.027799999999999325e-02,-4.016947000000000045e+00
-3.408939999999999748e-01,-3.726700000000000151e-02,-4.260191999999999979e+00
-3.421230000000000104e-01,0.000000000000000000e+00,-4.275551000000000101e+00
-3.411589999999999900e-01,3.729600000000000276e-02,-4.263501999999999903e+00
-3.407109999999999861e-01,7.449400000000000466e-02,-4.257899000000000100e+00
-3.398849999999999927e-01,1.114699999999999996e-01,-4.247582000000000413e+00
-3.399929999999999897e-01,1.486740000000000006e-01,-4.248929999999999652e+00
-3.409880000000000133e-01,1.863859999999999961e-01,-4.261366999999999905e+00
-3.220350000000000157e-01,-1.870279999999999998e-01,-4.276038999999999923e+00
-3.226330000000000031e-01,-1.499000000000000055e-01,-4.283977000000000146e+00
-3.230399999999999938e-01,-1.125670000000000004e-01,-4.289380999999999666e+00
-3.216240000000000210e-01,-7.471600000000000463e-02,-4.270585999999999771e+00
-3.223550000000000026e-01,-3.744299999999999712e-02,-4.280287000000000397e+00
-3.209779999999999855e-01,0.000000000000000000e+00,-4.262002999999999986e+00
-3.213070000000000093e-01,3.732100000000000001e-02,-4.266373999999999889e+00
-3.203540000000000276e-01,7.442100000000000104e-02,-4.253713000000000299e+00
-3.201140000000000096e-01,1.115479999999999944e-01,-4.250531999999999755e+00
-3.191950000000000065e-01,1.483029999999999904e-01,-4.238331999999999766e+00
-3.197760000000000047e-01,1.857159999999999922e-01,-4.246037000000000283e+00
-3.206609999999999738e-01,2.234760000000000080e-01,-4.257794999999999774e+00
-3.017839999999999967e-01,-1.869520000000000071e-01,-4.274287000000000170e+00
-3.028049999999999908e-01,-1.500670000000000059e-01,-4.288742000000000054e+00
-3.019560000000000022e-01,-1.122350000000000014e-01,-4.276718999999999937e+00
-3.000010000000000177e-01,-7.433900000000000230e-02,-4.249026999999999887e+00
-3.015050000000000230e-01,-3.735600000000000032e-02,-4.270334000000000074e+00
-3.012440000000000118e-01,0.000000000000000000e+00,-4.266632999999999676e+00
-3.016170000000000240e-01,3.737000000000000044e-02,-4.271921999999999997e+00
-3.003529999999999811e-01,7.442600000000000604e-02,-4.254021999999999970e+00
-2.991960000000000175e-01,1.112090000000000023e-01,-4.237627999999999950e+00
-3.004809999999999981e-01,1.489149999999999918e-01,-4.255830999999999698e+00
-2.983180000000000276e-01,1.848039999999999961e-01,-4.225185999999999886e+00
-2.999209999999999932e-01,2.229569999999999885e-01,-4.247902999999999984e+00
-2.997790000000000177e-01,2.599929999999999741e-01,-4.245879999999999654e+00
-2.820829999999999727e-01,-2.246740000000000126e-01,-4.280619999999999870e+00
-2.829479999999999773e-01,-1.878029999999999977e-01,-4.293749000000000038e+00
-2.815989999999999882e-01,-1.495259999999999923e-01,-4.273283000000000165e+00
-2.820349999999999802e-01,-1.123180000000000012e-01,-4.279904000000000153e+00
-2.833060000000000023e-01,-7.521600000000000508e-02,-4.299179999999999779e+00
-2.802749999999999964e-01,-3.720600000000000296e-02,-4.253190000000000026e+00
-2.814150000000000262e-01,0.000000000000000000e+00,-4.270495000000000374e+00
-2.817339999999999844e-01,3.739900000000000169e-02,-4.275329000000000157e+00
-2.811949999999999728e-01,7.465600000000000014e-02,-4.267149999999999999e+00
-2.798320000000000252e-01,1.114409999999999984e-01,-4.246466999999999992e+00
-2.806350000000000233e-01,1.490140000000000076e-01,-4.258657999999999610e+00
-2.792200000000000237e-01,1.853289999999999937e-01,-4.237184000000000061e+00
-2.803109999999999769e-01,2.232629999999999892e-01,-4.253733999999999682e+00
-2.793080000000000007e-01,2.595410000000000217e-01,-4.238508000000000386e+00
-2.621319999999999761e-01,-2.623179999999999956e-01,-4.283853999999999829e+00
-2.617840000000000167e-01,-2.245449999999999946e-01,-4.278165000000000440e+00
-2.615959999999999952e-01,-1.869869999999999866e-01,-4.275093000000000032e+00
-2.621229999999999949e-01,-1.498909999999999965e-01,-4.283714999999999939e+00
-2.612639999999999962e-01,-1.120499999999999968e-01,-4.269667000000000101e+00
-2.617129999999999734e-01,-7.482800000000000562e-02,-4.277004999999999946e+00
-2.611160000000000148e-01,-3.732900000000000107e-02,-4.267248000000000374e+00
-2.615450000000000275e-01,0.000000000000000000e+00,-4.274269000000000318e+00
-2.610100000000000198e-01,3.731399999999999995e-02,-4.265526999999999624e+00
-2.615460000000000007e-01,7.478100000000000025e-02,-4.274288000000000309e+00
-2.608449999999999935e-01,1.118699999999999972e-01,-4.262827999999999840e+00
-2.596040000000000014e-01,1.484499999999999986e-01,-4.242542000000000257e+00
-2.595000000000000084e-01,1.854889999999999872e-01,-4.240839000000000247e+00
-2.602180000000000049e-01,2.232020000000000115e-01,-4.252574000000000076e+00
-2.595040000000000124e-01,2.596879999999999744e-01,-4.240903999999999563e+00
-2.596660000000000079e-01,2.969720000000000137e-01,-4.243551000000000073e+00
-2.430529999999999913e-01,-2.634940000000000060e-01,-4.303060999999999581e+00
-2.419060000000000099e-01,-2.247860000000000136e-01,-4.282753999999999728e+00
-2.416409999999999947e-01,-1.871170000000000055e-01,-4.278076999999999686e+00
-2.414139999999999897e-01,-1.495529999999999915e-01,-4.274053999999999576e+00
-2.415069999999999995e-01,-1.122080000000000022e-01,-4.275694999999999801e+00
-2.420090000000000019e-01,-7.496099999999999985e-02,-4.284577999999999776e+00
-2.410609999999999975e-01,-3.733399999999999913e-02,-4.267796999999999841e+00
-2.423500000000000099e-01,0.000000000000000000e+00,-4.290618000000000265e+00
-2.405960000000000043e-01,3.726200000000000345e-02,-4.259564000000000128e+00
-2.404399999999999871e-01,7.447499999999999953e-02,-4.256814000000000320e+00
-2.406429999999999958e-01,1.118070000000000036e-01,-4.260405000000000442e+00
-2.410239999999999883e-01,1.493109999999999993e-01,-4.267140999999999629e+00
-2.396770000000000012e-01,1.855960000000000110e-01,-4.243299000000000376e+00
-2.128170000000000062e-01,1.977559999999999873e-01,-3.767755999999999883e+00
-2.134109999999999896e-01,2.313600000000000101e-01,-3.778283000000000058e+00
-2.389439999999999897e-01,2.960450000000000026e-01,-4.230317000000000327e+00
-2.227230000000000043e-01,3.449349999999999916e-01,-3.943141999999999925e+00
-2.218890000000000029e-01,3.780089999999999839e-01,-3.928380000000000205e+00
-2.212550000000000072e-01,-2.616689999999999849e-01,-4.273258000000000223e+00
-2.223559999999999981e-01,-2.254039999999999933e-01,-4.294520999999999589e+00
-2.215820000000000012e-01,-1.871829999999999883e-01,-4.279575000000000351e+00
-2.219260000000000121e-01,-1.499790000000000012e-01,-4.286215999999999582e+00
-2.215199999999999947e-01,-1.122780000000000028e-01,-4.278374000000000343e+00
-2.209889999999999910e-01,-7.467300000000000326e-02,-4.268112000000000350e+00
-2.214109999999999967e-01,-3.740799999999999681e-02,-4.276271000000000377e+00
-2.014980000000000104e-01,0.000000000000000000e+00,-3.891681999999999864e+00
-2.010879999999999890e-01,3.397399999999999726e-02,-3.883758999999999961e+00
-2.013310000000000100e-01,6.802999999999999325e-02,-3.888447000000000209e+00
-2.197389999999999899e-01,1.113760000000000028e-01,-4.243975999999999971e+00
-2.196480000000000099e-01,1.484389999999999876e-01,-4.242221999999999937e+00
-1.955119999999999914e-01,1.651600000000000013e-01,-3.776054999999999939e+00
-1.948310000000000042e-01,1.975010000000000099e-01,-3.762903000000000109e+00
-1.868470000000000131e-01,2.209760000000000058e-01,-3.608711000000000002e+00
-2.186579999999999913e-01,2.955400000000000249e-01,-4.223099000000000380e+00
-2.201859999999999928e-01,3.348059999999999925e-01,-4.252604999999999968e+00
-2.050790000000000113e-01,3.464829999999999854e-01,-3.960828999999999933e+00
-2.050109999999999988e-01,3.810049999999999826e-01,-3.959519999999999929e+00
-2.024859999999999993e-01,-3.010499999999999843e-01,-4.301826000000000150e+00
-2.027390000000000025e-01,-2.637479999999999825e-01,-4.307210000000000427e+00
-2.019700000000000106e-01,-2.252129999999999965e-01,-4.290875999999999912e+00
-2.008169999999999955e-01,-1.866049999999999931e-01,-4.266372999999999749e+00
-2.018260000000000054e-01,-1.500340000000000007e-01,-4.287806999999999924e+00
-2.016060000000000074e-01,-1.124030000000000029e-01,-4.283136999999999972e+00
-2.015280000000000127e-01,-7.490700000000000136e-02,-4.281487000000000265e+00
-2.012400000000000022e-01,-3.740000000000000269e-02,-4.275362000000000329e+00
-1.816020000000000134e-01,0.000000000000000000e+00,-3.858156000000000141e+00
-1.813019999999999909e-01,3.369400000000000173e-02,-3.851770999999999834e+00
-1.819270000000000054e-01,6.762100000000000055e-02,-3.865063000000000137e+00
-2.004990000000000105e-01,1.117859999999999965e-01,-4.259610000000000340e+00
-2.004740000000000133e-01,1.490289999999999948e-01,-4.259076999999999558e+00
-2.001360000000000083e-01,1.859719999999999984e-01,-4.251896000000000342e+00
-1.769969999999999877e-01,1.973650000000000126e-01,-3.760314999999999852e+00
-1.690790000000000071e-01,2.199589999999999879e-01,-3.592093999999999898e+00
-1.990550000000000097e-01,2.959479999999999889e-01,-4.228932000000000357e+00
-1.991279999999999994e-01,3.330649999999999999e-01,-4.230491999999999919e+00
-1.862129999999999896e-01,3.460710000000000175e-01,-3.956119000000000163e+00
-1.857429999999999914e-01,3.797159999999999980e-01,-3.946124999999999883e+00
-1.820070000000000021e-01,-3.006690000000000196e-01,-4.296382000000000367e+00
-1.816480000000000039e-01,-2.625669999999999948e-01,-4.287914999999999921e+00
-1.817719999999999891e-01,-2.252109999999999945e-01,-4.290852000000000110e+00
-1.816909999999999914e-01,-1.875920000000000087e-01,-4.288926000000000016e+00
-1.811669999999999947e-01,-1.496409999999999962e-01,-4.276567000000000007e+00
-1.815160000000000107e-01,-1.124470000000000053e-01,-4.284791000000000238e+00
-1.806159999999999988e-01,-7.459300000000000652e-02,-4.263556999999999597e+00
-1.812159999999999882e-01,-3.742000000000000187e-02,-4.277720999999999663e+00
-1.636890000000000012e-01,0.000000000000000000e+00,-3.863979000000000052e+00
-1.634670000000000012e-01,3.375500000000000028e-02,-3.858754999999999935e+00
-1.633060000000000067e-01,6.744400000000000395e-02,-3.854932999999999943e+00
-1.656519999999999937e-01,1.026200000000000029e-01,-3.910327999999999804e+00
-1.800009999999999943e-01,1.486780000000000046e-01,-4.249043999999999599e+00
-1.490620000000000001e-01,1.539040000000000130e-01,-3.518707000000000029e+00
-1.520400000000000085e-01,1.883740000000000137e-01,-3.589001999999999803e+00
-1.520600000000000007e-01,2.197979999999999934e-01,-3.589468000000000103e+00
-1.599649999999999961e-01,2.642570000000000197e-01,-3.776075000000000070e+00
-1.797159999999999869e-01,3.339949999999999863e-01,-4.242308999999999664e+00
-1.670040000000000135e-01,3.448570000000000246e-01,-3.942242999999999942e+00
-1.659640000000000004e-01,3.769790000000000085e-01,-3.917676999999999854e+00
-1.615209999999999979e-01,-3.001809999999999756e-01,-4.289410000000000167e+00
-1.612059999999999882e-01,-2.621450000000000169e-01,-4.281035000000000146e+00
-1.620719999999999938e-01,-2.259039999999999937e-01,-4.304047999999999874e+00
-1.611859999999999959e-01,-1.872240000000000015e-01,-4.280515000000000292e+00
-1.616579999999999961e-01,-1.502179999999999904e-01,-4.293051000000000172e+00
-1.613739999999999897e-01,-1.124659999999999965e-01,-4.285512999999999906e+00
-1.607290000000000108e-01,-7.467699999999999338e-02,-4.268364000000000047e+00
-1.498299999999999910e-01,-3.480699999999999766e-02,-3.978934000000000193e+00
-1.457140000000000102e-01,0.000000000000000000e+00,-3.869644000000000084e+00
-1.450440000000000063e-01,3.369500000000000273e-02,-3.851837000000000177e+00
-1.450539999999999885e-01,6.739399999999999558e-02,-3.852111999999999981e+00
-1.462759999999999894e-01,1.019430000000000058e-01,-3.884557000000000038e+00
-1.340069999999999872e-01,1.245229999999999948e-01,-3.558727999999999891e+00
-1.330469999999999986e-01,1.545400000000000107e-01,-3.533252000000000059e+00
-1.425680000000000003e-01,1.987180000000000057e-01,-3.786083000000000087e+00
-1.347980000000000012e-01,2.192020000000000080e-01,-3.579740000000000144e+00
-1.349349999999999994e-01,2.507719999999999949e-01,-3.583384999999999820e+00
-1.596720000000000084e-01,3.338380000000000236e-01,-4.240313999999999695e+00
-1.456179999999999974e-01,3.382830000000000004e-01,-3.867091999999999974e+00
-1.450879999999999947e-01,3.707559999999999745e-01,-3.853010999999999964e+00
-1.409350000000000047e-01,-2.993410000000000237e-01,-4.277408000000000321e+00
-1.417879999999999974e-01,-2.635069999999999912e-01,-4.303271999999999764e+00
-1.416580000000000061e-01,-2.256569999999999965e-01,-4.299333999999999989e+00
-1.286319999999999963e-01,-1.707559999999999911e-01,-3.903998000000000079e+00
-1.283529999999999949e-01,-1.363080000000000125e-01,-3.895528999999999797e+00
-1.290169999999999928e-01,-1.027600000000000041e-01,-3.915674999999999795e+00
-1.202389999999999987e-01,-6.384499999999999897e-02,-3.649253999999999998e+00
-1.205129999999999951e-01,-3.199599999999999667e-02,-3.657585000000000086e+00
-1.203670000000000018e-01,0.000000000000000000e+00,-3.653148999999999980e+00
-1.208000000000000046e-01,3.207200000000000328e-02,-3.666307999999999900e+00
-1.274770000000000070e-01,6.768899999999999917e-02,-3.868952000000000169e+00
-1.180390000000000050e-01,9.401600000000000235e-02,-3.582507000000000108e+00
-1.171389999999999931e-01,1.243989999999999957e-01,-3.555191999999999908e+00
-1.162929999999999936e-01,1.543760000000000132e-01,-3.529520000000000213e+00
-1.242479999999999973e-01,1.979219999999999868e-01,-3.770928000000000058e+00
-1.183020000000000044e-01,2.198599999999999999e-01,-3.590482000000000173e+00
-1.176910000000000039e-01,2.499709999999999988e-01,-3.571944999999999926e+00
-1.295550000000000035e-01,3.095660000000000078e-01,-3.932011999999999841e+00
-1.282389999999999919e-01,3.404670000000000196e-01,-3.892065000000000108e+00
-1.301400000000000057e-01,3.800669999999999882e-01,-3.949770000000000003e+00
-1.296930000000000027e-01,4.131920000000000037e-01,-3.936186000000000185e+00
-1.209009999999999946e-01,-3.370360000000000023e-01,-4.280933000000000099e+00
-1.212320000000000064e-01,-3.004069999999999796e-01,-4.292634999999999756e+00
-1.212929999999999980e-01,-2.629889999999999728e-01,-4.294813999999999687e+00
-1.208830000000000043e-01,-2.246569999999999956e-01,-4.280293999999999599e+00
-1.098220000000000030e-01,-1.700840000000000130e-01,-3.888641999999999932e+00
-1.090060000000000057e-01,-1.350560000000000094e-01,-3.859745999999999899e+00
-1.030739999999999990e-01,-9.578000000000000402e-02,-3.649690000000000101e+00
-1.034569999999999934e-01,-6.409099999999999520e-02,-3.663269999999999804e+00
-1.034690000000000054e-01,-3.204900000000000110e-02,-3.663686999999999916e+00
-1.026709999999999984e-01,0.000000000000000000e+00,-3.635435000000000194e+00
-1.030760000000000010e-01,3.192699999999999705e-02,-3.649763999999999786e+00
-1.025510000000000033e-01,6.352900000000000214e-02,-3.631167000000000034e+00
-1.017190000000000039e-01,9.452099999999999391e-02,-3.601728000000000041e+00
-1.008679999999999993e-01,1.249730000000000008e-01,-3.571585999999999927e+00
-9.961599999999999622e-02,1.542769999999999975e-01,-3.527235999999999816e+00
-9.911399999999999377e-02,1.842000000000000026e-01,-3.509482000000000212e+00
-1.012259999999999965e-01,2.194780000000000064e-01,-3.584245999999999821e+00
-1.021139999999999964e-01,2.530319999999999792e-01,-3.615683999999999898e+00
-1.195910000000000029e-01,3.333840000000000137e-01,-4.234545999999999921e+00
-1.190650000000000042e-01,3.687949999999999839e-01,-4.215894999999999726e+00
-1.110290000000000027e-01,3.782960000000000211e-01,-3.931372999999999784e+00
-1.112130000000000063e-01,4.133720000000000172e-01,-3.937894000000000005e+00
-1.011240000000000056e-01,-3.382850000000000024e-01,-4.296793000000000085e+00
-1.010780000000000012e-01,-3.005610000000000226e-01,-4.294840999999999909e+00
-1.007929999999999937e-01,-2.622479999999999811e-01,-4.282713000000000214e+00
-9.253000000000000114e-02,-2.063570000000000126e-01,-3.931623999999999786e+00
-9.126099999999999490e-02,-1.696060000000000068e-01,-3.877707000000000015e+00
-8.709400000000000475e-02,-1.294889999999999930e-01,-3.700657000000000085e+00
-8.583300000000000651e-02,-9.571000000000000341e-02,-3.647037999999999780e+00
-8.865099999999999369e-02,-6.590200000000000224e-02,-3.766811000000000131e+00
-8.873999999999999944e-02,-3.298399999999999943e-02,-3.770577999999999985e+00
-8.827599999999999336e-02,0.000000000000000000e+00,-3.750859999999999861e+00
-8.592400000000000038e-02,3.193700000000000011e-02,-3.650930999999999926e+00
-8.572100000000000553e-02,6.372400000000000286e-02,-3.642288999999999888e+00
-8.551599999999999480e-02,9.535699999999999732e-02,-3.633592000000000155e+00
-8.421900000000000219e-02,1.252139999999999920e-01,-3.578469000000000122e+00
-8.355300000000000227e-02,1.552810000000000024e-01,-3.550192000000000014e+00
-8.252299999999999913e-02,1.840400000000000091e-01,-3.506428000000000100e+00
-8.406399999999999983e-02,2.187199999999999978e-01,-3.571871999999999936e+00
-8.383300000000000474e-02,2.492820000000000036e-01,-3.562094000000000094e+00
-8.347999999999999865e-02,2.792589999999999795e-01,-3.547069000000000027e+00
-8.881300000000000305e-02,3.301129999999999898e-01,-3.773699000000000137e+00
-9.272600000000000287e-02,3.791229999999999878e-01,-3.939961999999999964e+00
-9.281699999999999673e-02,4.139909999999999979e-01,-3.943791000000000047e+00
-8.075799999999999645e-02,-3.376939999999999942e-01,-4.289284000000000319e+00
-8.069900000000000684e-02,-2.999499999999999944e-01,-4.286116999999999955e+00
-8.087300000000000044e-02,-2.630230000000000068e-01,-4.295361999999999902e+00
-7.409200000000000508e-02,-2.065460000000000074e-01,-3.935238000000000014e+00
-7.306600000000000594e-02,-1.697380000000000000e-01,-3.880736000000000185e+00
-6.908300000000000551e-02,-1.283880000000000021e-01,-3.669181000000000026e+00
-6.877500000000000280e-02,-9.586100000000000176e-02,-3.652804999999999858e+00
-7.120600000000000540e-02,-6.616600000000000259e-02,-3.781918999999999809e+00
-7.160400000000000098e-02,-3.326799999999999896e-02,-3.803062999999999860e+00
-7.131400000000000239e-02,0.000000000000000000e+00,-3.787653999999999854e+00
-7.087000000000000244e-02,3.292699999999999794e-02,-3.764086999999999961e+00
-6.821000000000000674e-02,6.338299999999999490e-02,-3.622796999999999823e+00
-6.810599999999999987e-02,9.493000000000000049e-02,-3.617309999999999803e+00
-6.719799999999999385e-02,1.248849999999999960e-01,-3.569065999999999850e+00
-6.671599999999999753e-02,1.549879999999999869e-01,-3.543492000000000086e+00
-6.614599999999999647e-02,1.843950000000000033e-01,-3.513190999999999953e+00
-7.108200000000000629e-02,2.311809999999999976e-01,-3.775364999999999860e+00
-6.692199999999999538e-02,2.487429999999999919e-01,-3.554397999999999946e+00
-6.609700000000000297e-02,2.763880000000000225e-01,-3.510603999999999836e+00
-7.091100000000000181e-02,3.294639999999999791e-01,-3.766274999999999817e+00
-6.788099999999999690e-02,8.199980000000000047e-01,-3.605322999999999833e+00
-6.751699999999999369e-02,8.469719999999999471e-01,-3.585999000000000159e+00
-6.042499999999999954e-02,-3.368920000000000248e-01,-4.279106999999999772e+00
-6.072600000000000220e-02,-3.009539999999999993e-01,-4.300451999999999941e+00
-6.079099999999999782e-02,-2.636149999999999882e-01,-4.305039999999999978e+00
-5.532999999999999724e-02,-2.056560000000000055e-01,-3.918282000000000043e+00
-5.482700000000000073e-02,-1.698230000000000017e-01,-3.882686000000000082e+00
-5.155200000000000060e-02,-1.277429999999999954e-01,-3.650751000000000079e+00
-5.315199999999999786e-02,-9.878199999999999481e-02,-3.764092000000000215e+00
-5.412899999999999656e-02,-6.706399999999999861e-02,-3.833239999999999981e+00
-5.376800000000000329e-02,-3.330899999999999833e-02,-3.807685000000000208e+00
-5.357200000000000156e-02,0.000000000000000000e+00,-3.793829999999999814e+00
-5.374999999999999917e-02,3.329800000000000121e-02,-3.806426999999999783e+00
-5.163999999999999840e-02,6.397999999999999521e-02,-3.656970999999999972e+00
-5.114500000000000296e-02,9.505099999999999660e-02,-3.621948000000000167e+00
-5.051200000000000134e-02,1.251670000000000005e-01,-3.577138999999999847e+00
-5.029700000000000143e-02,1.557920000000000138e-01,-3.561891000000000140e+00
-4.981800000000000117e-02,1.851700000000000013e-01,-3.527967999999999993e+00
-5.330800000000000122e-02,2.311660000000000104e-01,-3.775126000000000204e+00
-5.064899999999999958e-02,2.510109999999999841e-01,-3.586794999999999956e+00
-5.065700000000000064e-02,2.824340000000000184e-01,-3.587394000000000194e+00
-5.009299999999999864e-02,3.103210000000000135e-01,-3.547445999999999877e+00
-5.969100000000000100e-02,4.067580000000000084e-01,-4.227151000000000103e+00
-5.148400000000000198e-02,7.654410000000000380e-01,-3.645903999999999812e+00
-5.092900000000000205e-02,7.887499999999999512e-01,-3.606650000000000134e+00
-5.084000000000000324e-02,8.188630000000000075e-01,-3.600333000000000006e+00
-5.034600000000000186e-02,8.420999999999999597e-01,-3.565370000000000150e+00
-4.048100000000000309e-02,-3.385460000000000136e-01,-4.300110000000000099e+00
-4.040799999999999947e-02,-3.003859999999999864e-01,-4.292347999999999608e+00
-4.039500000000000035e-02,-2.627510000000000123e-01,-4.290923000000000265e+00
-4.052700000000000052e-02,-2.259559999999999902e-01,-4.305044999999999789e+00
-3.656100000000000322e-02,-1.698699999999999932e-01,-3.883744000000000085e+00
-3.452399999999999913e-02,-1.283219999999999916e-01,-3.667295000000000194e+00
-3.529899999999999705e-02,-9.840400000000000535e-02,-3.749687000000000214e+00
-3.577700000000000324e-02,-6.648999999999999355e-02,-3.800386000000000042e+00
-3.588999999999999829e-02,-3.335099999999999870e-02,-3.812476999999999894e+00
-3.569499999999999756e-02,0.000000000000000000e+00,-3.791739999999999888e+00
-3.593999999999999972e-02,3.339700000000000307e-02,-3.817768000000000050e+00
-3.436399999999999871e-02,6.386500000000000510e-02,-3.650358999999999909e+00
-3.406499999999999806e-02,9.496200000000000474e-02,-3.618536999999999892e+00
-3.389299999999999952e-02,1.259790000000000076e-01,-3.600328000000000195e+00
-3.338599999999999901e-02,1.551180000000000059e-01,-3.546463999999999839e+00
-3.319799999999999834e-02,1.850920000000000065e-01,-3.526480999999999977e+00
-3.555699999999999833e-02,2.312879999999999936e-01,-3.777108999999999828e+00
-3.552000000000000296e-02,2.640540000000000109e-01,-3.773175000000000168e+00
-3.352100000000000218e-02,2.803419999999999801e-01,-3.560824000000000211e+00
-3.535599999999999854e-02,3.285350000000000215e-01,-3.755654999999999966e+00
-3.532500000000000223e-02,3.610789999999999833e-01,-3.752438999999999858e+00
-3.407199999999999812e-02,7.598519999999999719e-01,-3.619279999999999831e+00
-3.407700000000000312e-02,7.916349999999999776e-01,-3.619841999999999782e+00
-3.391999999999999876e-02,8.195099999999999607e-01,-3.603174000000000099e+00
-3.372399999999999703e-02,8.461210000000000120e-01,-3.582393000000000161e+00
-1.633799999999999836e-02,-3.339969999999999883e-01,-3.470998999999999945e+00
-2.021699999999999886e-02,-3.381560000000000121e-01,-4.295156000000000418e+00
-2.026000000000000023e-02,-3.012139999999999818e-01,-4.304177000000000142e+00
-2.017599999999999949e-02,-2.624750000000000139e-01,-4.286411000000000193e+00
-2.014799999999999924e-02,-2.246680000000000066e-01,-4.280502000000000251e+00
-1.742399999999999852e-02,-1.619109999999999994e-01,-3.701775000000000038e+00
-1.730299999999999894e-02,-1.286249999999999893e-01,-3.675966999999999985e+00
-1.788999999999999965e-02,-9.974299999999999833e-02,-3.800702999999999943e+00
-1.796299999999999980e-02,-6.676799999999999402e-02,-3.816301999999999861e+00
-1.758099999999999941e-02,-3.267300000000000065e-02,-3.735028999999999932e+00
-1.753700000000000050e-02,0.000000000000000000e+00,-3.725785000000000124e+00
-1.790100000000000025e-02,3.326899999999999996e-02,-3.803113000000000188e+00
-1.718400000000000136e-02,6.387299999999999922e-02,-3.650837999999999806e+00
-1.722500000000000073e-02,9.603699999999999737e-02,-3.659520000000000106e+00
-1.688600000000000170e-02,1.255310000000000037e-01,-3.587530000000000108e+00
-1.681600000000000109e-02,1.562570000000000070e-01,-3.572522000000000197e+00
-1.666400000000000173e-02,1.858170000000000099e-01,-3.540281999999999929e+00
-1.997200000000000017e-02,2.598170000000000202e-01,-4.243007999999999669e+00
-1.769599999999999992e-02,2.630970000000000253e-01,-3.759501999999999899e+00
-1.675099999999999853e-02,2.801810000000000134e-01,-3.558769999999999989e+00
-1.761400000000000118e-02,3.273499999999999743e-01,-3.742115000000000080e+00
-1.761899999999999925e-02,3.601800000000000002e-01,-3.743097000000000119e+00
-1.913099999999999870e-02,4.266420000000000212e-01,-4.064309999999999867e+00
-1.894900000000000057e-02,4.578160000000000007e-01,-4.025802999999999798e+00
-1.893299999999999844e-02,4.926050000000000151e-01,-4.022306000000000381e+00
-1.875599999999999837e-02,5.228589999999999627e-01,-3.984722999999999793e+00
-1.874800000000000078e-02,5.574799999999999756e-01,-3.983032999999999824e+00
-1.856100000000000111e-02,5.864089999999999581e-01,-3.943267000000000078e+00
-1.854400000000000145e-02,6.203549999999999898e-01,-3.939785000000000093e+00
-1.770199999999999899e-02,7.566500000000000448e-01,-3.760724999999999874e+00
-1.710800000000000168e-02,7.630510000000000348e-01,-3.634517999999999915e+00
-1.708300000000000096e-02,7.937089999999999979e-01,-3.629323999999999995e+00
-1.697999999999999857e-02,8.204909999999999703e-01,-3.607489000000000168e+00
-1.694100000000000120e-02,8.500889999999999835e-01,-3.599194999999999922e+00
-1.717000000000000123e-02,8.934630000000000072e-01,-3.647733000000000114e+00
-1.741699999999999846e-02,9.387079999999999869e-01,-3.700302999999999898e+00
0.000000000000000000e+00,-3.302209999999999868e-01,-3.431754000000000193e+00
0.000000000000000000e+00,-3.391890000000000183e-01,-4.308277000000000356e+00
0.000000000000000000e+00,-2.326809999999999989e-01,-3.324878000000000000e+00
0.000000000000000000e+00,-2.630919999999999925e-01,-4.296495000000000175e+00
0.000000000000000000e+00,-2.256319999999999992e-01,-4.298862999999999879e+00
0.000000000000000000e+00,-1.613590000000000024e-01,-3.689153000000000127e+00
0.000000000000000000e+00,-1.277830000000000077e-01,-3.651892000000000138e+00
0.000000000000000000e+00,-9.954999999999999960e-02,-3.793381999999999810e+00
0.000000000000000000e+00,-6.703000000000000624e-02,-3.831271999999999789e+00
0.000000000000000000e+00,-3.267400000000000165e-02,-3.735165999999999986e+00
0.000000000000000000e+00,0.000000000000000000e+00,-3.724734999999999907e+00
0.000000000000000000e+00,3.327299999999999702e-02,-3.803659999999999819e+00
0.000000000000000000e+00,6.379200000000000148e-02,-3.646211000000000091e+00
0.000000000000000000e+00,9.614699999999999636e-02,-3.663707000000000047e+00
0.000000000000000000e+00,1.259129999999999971e-01,-3.598447000000000173e+00
0.000000000000000000e+00,1.564419999999999977e-01,-3.576751999999999931e+00
0.000000000000000000e+00,2.232510000000000050e-01,-4.253504999999999647e+00
0.000000000000000000e+00,2.612240000000000117e-01,-4.265984999999999694e+00
0.000000000000000000e+00,2.965869999999999895e-01,-4.238052999999999848e+00
0.000000000000000000e+00,3.326770000000000005e-01,-4.225570000000000270e+00
0.000000000000000000e+00,3.714629999999999876e-01,-4.246393000000000306e+00
0.000000000000000000e+00,4.074789999999999801e-01,-4.234643000000000157e+00
0.000000000000000000e+00,4.288939999999999975e-01,-4.085767999999999844e+00
0.000000000000000000e+00,4.586200000000000276e-01,-4.032866000000000284e+00
0.000000000000000000e+00,4.915709999999999802e-01,-4.013866000000000156e+00
0.000000000000000000e+00,5.224090000000000122e-01,-3.981288000000000160e+00
0.000000000000000000e+00,5.501840000000000064e-01,-3.930905000000000094e+00
0.000000000000000000e+00,5.885569999999999968e-01,-3.957713000000000036e+00
0.000000000000000000e+00,6.201079999999999925e-01,-3.938216000000000161e+00
0.000000000000000000e+00,6.485929999999999751e-01,-3.902325999999999961e+00
0.000000000000000000e+00,6.812820000000000542e-01,-3.894048000000000176e+00
0.000000000000000000e+00,7.030939999999999968e-01,-3.827354000000000145e+00
0.000000000000000000e+00,7.429999999999999938e-01,-3.860743999999999954e+00
0.000000000000000000e+00,7.521849999999999925e-01,-3.738532999999999884e+00
0.000000000000000000e+00,7.654180000000000428e-01,-3.645791000000000004e+00
0.000000000000000000e+00,7.935649999999999649e-01,-3.628667000000000087e+00
0.000000000000000000e+00,8.201880000000000281e-01,-3.606157000000000057e+00
0.000000000000000000e+00,8.498430000000000151e-01,-3.598151000000000099e+00
0.000000000000000000e+00,8.994919999999999582e-01,-3.672349999999999781e+00
0.000000000000000000e+00,9.257360000000000033e-01,-3.649167999999999967e+00
0.000000000000000000e+00,9.540720000000000312e-01,-3.635501000000000094e+00
1.558799999999999943e-02,-3.186649999999999761e-01,-3.311660999999999966e+00
1.549500000000000009e-02,-2.879720000000000057e-01,-3.291967000000000088e+00
1.630300000000000152e-02,-2.726799999999999780e-01,-3.463499999999999801e+00
2.023900000000000005e-02,-3.009129999999999860e-01,-4.299873999999999974e+00
2.024099999999999858e-02,-2.633210000000000273e-01,-4.300226000000000326e+00
1.772900000000000170e-02,-1.976960000000000106e-01,-3.766618999999999939e+00
1.740500000000000033e-02,-1.617369999999999919e-01,-3.697804000000000091e+00
1.722299999999999873e-02,-1.280340000000000089e-01,-3.659050000000000136e+00
1.779700000000000032e-02,-9.922200000000000464e-02,-3.780883999999999912e+00
1.795799999999999827e-02,-6.674900000000000277e-02,-3.815231999999999957e+00
1.753700000000000050e-02,-3.259200000000000291e-02,-3.725772999999999779e+00
1.754599999999999910e-02,0.000000000000000000e+00,-3.727557000000000009e+00
1.786599999999999994e-02,3.320399999999999741e-02,-3.795716000000000090e+00
1.708900000000000002e-02,6.351900000000000601e-02,-3.630608000000000057e+00
1.718099999999999836e-02,9.579100000000000115e-02,-3.650132999999999850e+00
1.706200000000000078e-02,1.268350000000000033e-01,-3.624804000000000137e+00
1.996900000000000064e-02,1.855600000000000027e-01,-4.242467000000000432e+00
1.997200000000000017e-02,2.227020000000000111e-01,-4.243033999999999750e+00
2.006600000000000050e-02,2.610439999999999983e-01,-4.263042000000000442e+00
1.999000000000000082e-02,2.972049999999999970e-01,-4.246884999999999799e+00
1.990799999999999861e-02,3.329860000000000042e-01,-4.229493999999999865e+00
1.993999999999999939e-02,3.705740000000000145e-01,-4.236233999999999611e+00
1.995399999999999952e-02,4.079280000000000128e-01,-4.239316999999999780e+00
1.912200000000000011e-02,4.264569999999999750e-01,-4.062552000000000163e+00
1.905000000000000096e-02,4.602589999999999737e-01,-4.047284000000000326e+00
1.892299999999999885e-02,4.923489999999999811e-01,-4.020220000000000127e+00
1.880199999999999927e-02,5.241299999999999848e-01,-3.994406999999999819e+00
1.874100000000000071e-02,5.572679999999999856e-01,-3.981519000000000030e+00
1.867800000000000016e-02,5.901070000000000482e-01,-3.968135999999999886e+00
1.821599999999999955e-02,6.093619999999999592e-01,-3.869966999999999935e+00
1.827600000000000058e-02,6.453269999999999840e-01,-3.882674000000000181e+00
1.823100000000000068e-02,6.776419999999999666e-01,-3.873245999999999967e+00
1.796599999999999933e-02,7.011760000000000215e-01,-3.816914999999999836e+00
1.784699999999999828e-02,7.297019999999999618e-01,-3.791643000000000097e+00
1.761300000000000018e-02,7.528409999999999824e-01,-3.741794000000000064e+00
1.715600000000000111e-02,7.651919999999999833e-01,-3.644715000000000149e+00
1.707300000000000137e-02,7.932240000000000402e-01,-3.627104999999999801e+00
1.698200000000000057e-02,8.205670000000000464e-01,-3.607825000000000060e+00
1.680500000000000049e-02,8.432260000000000311e-01,-3.570135000000000058e+00
1.733499999999999971e-02,9.020559999999999690e-01,-3.682815999999999867e+00
1.718899999999999942e-02,9.264040000000000052e-01,-3.651799000000000017e+00
1.715799999999999964e-02,9.566099999999999604e-01,-3.645173999999999914e+00
3.101599999999999843e-02,-3.458519999999999928e-01,-3.294683000000000028e+00
3.086600000000000107e-02,-3.155000000000000027e-01,-3.278772000000000020e+00
3.264999999999999847e-02,-3.033980000000000010e-01,-3.468309000000000086e+00
4.042099999999999860e-02,-3.380400000000000071e-01,-4.293688999999999645e+00
3.423400000000000054e-02,-2.544910000000000228e-01,-3.636531999999999876e+00
3.408300000000000218e-02,-2.216960000000000042e-01,-3.620461000000000151e+00
3.509999999999999926e-02,-1.956960000000000088e-01,-3.728508000000000155e+00
3.685200000000000281e-02,-1.712210000000000121e-01,-3.914629000000000136e+00
3.448299999999999976e-02,-1.281720000000000081e-01,-3.662996999999999836e+00
3.541500000000000203e-02,-9.872699999999999532e-02,-3.761995999999999896e+00
3.601100000000000134e-02,-6.692399999999999738e-02,-3.825245999999999924e+00
3.608800000000000202e-02,-3.353400000000000131e-02,-3.833447000000000049e+00
3.587699999999999917e-02,0.000000000000000000e+00,-3.811084999999999834e+00
3.576800000000000118e-02,3.323600000000000165e-02,-3.799418000000000184e+00
3.415599999999999886e-02,6.347800000000000664e-02,-3.628226999999999869e+00
3.437899999999999984e-02,9.583899999999999364e-02,-3.651942000000000021e+00
3.626299999999999663e-02,1.347879999999999912e-01,-3.852069999999999883e+00
3.641699999999999798e-02,1.691989999999999883e-01,-3.868411000000000044e+00
4.011399999999999688e-02,2.236509999999999887e-01,-4.261127000000000109e+00
3.995699999999999946e-02,2.599069999999999991e-01,-4.244483999999999924e+00
3.996700000000000252e-02,2.971099999999999852e-01,-4.245523000000000380e+00
3.992099999999999815e-02,3.338630000000000209e-01,-4.240632999999999875e+00
3.972500000000000336e-02,3.691360000000000197e-01,-4.219795000000000407e+00
3.828399999999999859e-02,4.268939999999999957e-01,-4.066714000000000162e+00
3.818400000000000266e-02,4.612629999999999786e-01,-4.056110999999999578e+00
3.788899999999999907e-02,4.929049999999999820e-01,-4.024759000000000420e+00
3.747999999999999943e-02,5.224199999999999955e-01,-3.981376000000000026e+00
3.756799999999999723e-02,5.585510000000000197e-01,-3.990682000000000063e+00
3.729899999999999882e-02,5.892169999999999908e-01,-3.962152999999999814e+00
3.703599999999999948e-02,6.194779999999999731e-01,-3.934210999999999903e+00
3.672600000000000170e-02,6.484079999999999844e-01,-3.901209999999999845e+00
3.667900000000000327e-02,6.816590000000000149e-01,-3.896202000000000165e+00
3.642499999999999905e-02,7.107999999999999874e-01,-3.869299999999999962e+00
3.626900000000000263e-02,7.414520000000000000e-01,-3.852698000000000178e+00
3.522299999999999737e-02,7.527899999999999592e-01,-3.741543000000000063e+00
3.428400000000000197e-02,7.645969999999999711e-01,-3.641881999999999842e+00
3.412500000000000255e-02,7.927549999999999875e-01,-3.624962000000000018e+00
3.373099999999999710e-02,8.149389999999999690e-01,-3.583076000000000150e+00
3.361900000000000305e-02,8.434810000000000363e-01,-3.571215000000000028e+00
3.471199999999999980e-02,9.031649999999999956e-01,-3.687345999999999790e+00
3.440100000000000102e-02,9.270230000000000414e-01,-3.654240000000000155e+00
3.430600000000000316e-02,9.563439999999999719e-01,-3.644160999999999984e+00
4.684100000000000069e-02,-3.772229999999999750e-01,-3.317105000000000192e+00
4.868700000000000111e-02,-3.619350000000000067e-01,-3.447893000000000097e+00
4.685600000000000181e-02,-3.192920000000000202e-01,-3.318184000000000022e+00
4.969900000000000012e-02,-3.078790000000000138e-01,-3.519528999999999908e+00
5.129000000000000226e-02,-2.859599999999999920e-01,-3.632185000000000219e+00
5.103699999999999903e-02,-2.529330000000000189e-01,-3.614260999999999946e+00
5.120100000000000345e-02,-2.220270000000000021e-01,-3.625863999999999976e+00
5.183600000000000013e-02,-1.926710000000000089e-01,-3.670872999999999831e+00
5.221499999999999753e-02,-1.617310000000000136e-01,-3.697677999999999798e+00
5.171900000000000108e-02,-1.281569999999999931e-01,-3.662586000000000119e+00
5.328600000000000003e-02,-9.903000000000000691e-02,-3.773566000000000198e+00
5.371299999999999686e-02,-6.654899999999999705e-02,-3.803773000000000071e+00
5.386099999999999915e-02,-3.336599999999999983e-02,-3.814283999999999786e+00
5.371700000000000086e-02,0.000000000000000000e+00,-3.804056000000000104e+00
5.388199999999999934e-02,3.337899999999999895e-02,-3.815732999999999819e+00
5.144100000000000061e-02,6.373399999999999899e-02,-3.642888000000000126e+00
5.170299999999999896e-02,9.608800000000000674e-02,-3.661436000000000135e+00
5.431500000000000217e-02,1.345899999999999874e-01,-3.846436000000000188e+00
5.471999999999999781e-02,1.694910000000000028e-01,-3.875081999999999915e+00
6.020400000000000057e-02,2.237750000000000017e-01,-4.263491000000000142e+00
5.995199999999999835e-02,2.599770000000000136e-01,-4.245614999999999917e+00
5.810200000000000087e-02,2.879470000000000085e-01,-4.114588999999999608e+00
5.987699999999999967e-02,3.338349999999999929e-01,-4.240273000000000181e+00
5.988700000000000273e-02,3.709930000000000172e-01,-4.241024999999999601e+00
5.273599999999999816e-02,7.513980000000000103e-01,-3.734621000000000191e+00
5.146099999999999980e-02,7.651040000000000063e-01,-3.644296999999999898e+00
5.125699999999999701e-02,7.938319999999999821e-01,-3.629885999999999946e+00
5.095399999999999929e-02,8.206959999999999811e-01,-3.608388000000000151e+00
5.055599999999999677e-02,8.456150000000000055e-01,-3.580251000000000072e+00
5.214499999999999691e-02,9.044959999999999667e-01,-3.692779999999999951e+00
5.151700000000000029e-02,9.255069999999999686e-01,-3.648266000000000009e+00
5.194900000000000212e-02,9.654549999999999521e-01,-3.678876999999999953e+00
6.469199999999999950e-02,-3.907379999999999742e-01,-3.435950000000000060e+00
6.791800000000000614e-02,-2.840019999999999767e-01,-3.607308000000000181e+00
6.792399999999999827e-02,-2.524669999999999970e-01,-3.607606999999999786e+00
6.825799999999999923e-02,-2.219949999999999979e-01,-3.625354999999999883e+00
6.802300000000000013e-02,-1.896289999999999920e-01,-3.612909999999999844e+00
7.362799999999999900e-02,-1.710430000000000006e-01,-3.910578000000000110e+00
6.878099999999999492e-02,-1.278279999999999972e-01,-3.653167999999999971e+00
6.874900000000000455e-02,-9.582499999999999352e-02,-3.651429999999999954e+00
7.070200000000000096e-02,-6.569800000000000639e-02,-3.755158999999999914e+00
7.153900000000000536e-02,-3.323799999999999671e-02,-3.799614000000000047e+00
7.174300000000000122e-02,0.000000000000000000e+00,-3.810459999999999958e+00
7.086800000000000044e-02,3.292599999999999694e-02,-3.763968000000000202e+00
6.824500000000000011e-02,6.341499999999999915e-02,-3.624680999999999820e+00
7.237699999999999689e-02,1.008819999999999995e-01,-3.844126999999999850e+00
7.229199999999999515e-02,1.343530000000000002e-01,-3.839646999999999810e+00
7.263799999999999424e-02,1.687450000000000061e-01,-3.858023999999999898e+00
8.014100000000000390e-02,2.234099999999999975e-01,-4.256522999999999612e+00
7.982200000000000406e-02,2.596040000000000014e-01,-4.239537000000000333e+00
7.970700000000000007e-02,2.962640000000000273e-01,-4.233444000000000429e+00
7.976800000000000557e-02,3.335540000000000171e-01,-4.236701000000000050e+00
8.007599999999999441e-02,3.720459999999999878e-01,-4.253053000000000416e+00
6.865200000000000469e-02,7.655269999999999575e-01,-3.646313000000000137e+00
6.805300000000000238e-02,7.904609999999999692e-01,-3.614472000000000129e+00
6.754699999999999593e-02,8.159710000000000019e-01,-3.587614999999999998e+00
6.726300000000000334e-02,8.437850000000000072e-01,-3.572505000000000042e+00
9.447899999999999354e-02,-4.214040000000000008e-01,-4.014409999999999812e+00
9.313499999999999557e-02,-3.807940000000000214e-01,-3.957326000000000121e+00
8.407399999999999596e-02,-2.812479999999999980e-01,-3.572328000000000170e+00
8.540399999999999381e-02,-2.539520000000000111e-01,-3.628824999999999967e+00
8.566799999999999415e-02,-2.228950000000000098e-01,-3.640045000000000197e+00
8.511000000000000509e-02,-1.898090000000000055e-01,-3.616337999999999830e+00
9.245000000000000440e-02,-1.718149999999999955e-01,-3.928230000000000111e+00
8.660800000000000443e-02,-1.287669999999999926e-01,-3.680006000000000110e+00
8.606600000000000361e-02,-9.596999999999999975e-02,-3.656963000000000186e+00
8.877799999999999581e-02,-6.599599999999999911e-02,-3.772205000000000030e+00
8.836700000000000110e-02,-3.284499999999999920e-02,-3.754738000000000131e+00
8.845799999999999497e-02,0.000000000000000000e+00,-3.758586000000000205e+00
8.558000000000000329e-02,3.180899999999999700e-02,-3.636305000000000121e+00
8.611399999999999610e-02,6.401600000000000346e-02,-3.659013999999999989e+00
9.066000000000000447e-02,1.010930000000000023e-01,-3.852157000000000053e+00
9.053899999999999448e-02,1.346100000000000074e-01,-3.846998000000000140e+00
9.070499999999999396e-02,1.685719999999999996e-01,-3.854071999999999942e+00
1.001060000000000005e-01,2.232520000000000060e-01,-4.253522000000000247e+00
1.000390000000000029e-01,2.602869999999999906e-01,-4.250688000000000244e+00
1.000370000000000009e-01,2.974649999999999794e-01,-4.250595999999999819e+00
9.968599999999999683e-02,3.334730000000000194e-01,-4.235669999999999824e+00
9.958999999999999797e-02,3.701699999999999990e-01,-4.231611000000000011e+00
8.541400000000000381e-02,7.619479999999999587e-01,-3.629262999999999906e+00
8.481800000000000450e-02,7.881580000000000252e-01,-3.603941999999999979e+00
8.472200000000000564e-02,8.187550000000000106e-01,-3.599857000000000085e+00
8.442800000000000304e-02,8.472990000000000244e-01,-3.587378999999999873e+00
1.131999999999999951e-01,-4.207569999999999921e-01,-4.008252999999999844e+00
1.133220000000000061e-01,-3.861080000000000068e-01,-4.012552999999999592e+00
9.519299999999999984e-02,-2.948529999999999762e-01,-3.370623999999999842e+00
1.212799999999999989e-01,-3.380900000000000016e-01,-4.294325999999999866e+00
1.027229999999999949e-01,-2.545430000000000192e-01,-3.637272999999999978e+00
1.022129999999999983e-01,-2.216190000000000104e-01,-3.619209000000000120e+00
1.018840000000000023e-01,-1.893479999999999885e-01,-3.607568000000000108e+00
1.058889999999999970e-01,-1.639929999999999999e-01,-3.749382000000000215e+00
1.204559999999999936e-01,-1.492410000000000125e-01,-4.265149000000000079e+00
1.034360000000000002e-01,-9.611599999999999311e-02,-3.662494000000000138e+00
1.031030000000000002e-01,-6.387099999999999722e-02,-3.650704999999999867e+00
1.025520000000000043e-01,-3.176500000000000157e-02,-3.631212000000000106e+00
1.030319999999999986e-01,0.000000000000000000e+00,-3.648201999999999945e+00
1.037349999999999939e-01,3.213099999999999984e-02,-3.673112999999999850e+00
1.098309999999999981e-01,6.803900000000000226e-02,-3.888943999999999956e+00
1.083360000000000017e-01,1.006689999999999946e-01,-3.835998000000000019e+00
1.088230000000000031e-01,1.348290000000000044e-01,-3.853241999999999834e+00
1.093240000000000045e-01,1.693129999999999913e-01,-3.871005999999999947e+00
1.203570000000000056e-01,2.236799999999999899e-01,-4.261673000000000044e+00
1.199349999999999999e-01,2.600430000000000241e-01,-4.246703000000000117e+00
1.202079999999999954e-01,2.978700000000000236e-01,-4.256394000000000233e+00
1.199849999999999944e-01,3.344809999999999728e-01,-4.248483000000000231e+00
1.191929999999999934e-01,3.691929999999999934e-01,-4.220437999999999690e+00
1.018740000000000062e-01,8.204230000000000134e-01,-3.607191999999999954e+00
1.008759999999999935e-01,8.436379999999999990e-01,-3.571880000000000166e+00
1.327010000000000134e-01,-4.227770000000000139e-01,-4.027487999999999957e+00
1.325620000000000132e-01,-3.871399999999999841e-01,-4.023273999999999795e+00
1.107140000000000069e-01,-2.939410000000000078e-01,-3.360196000000000183e+00
1.311390000000000056e-01,-3.133509999999999907e-01,-3.980097999999999914e+00
1.195770000000000027e-01,-2.539770000000000083e-01,-3.629179000000000155e+00
1.190599999999999992e-01,-2.212679999999999925e-01,-3.613478999999999886e+00
1.218260000000000037e-01,-1.940649999999999875e-01,-3.697433000000000192e+00
1.409279999999999977e-01,-1.870779999999999943e-01,-4.277184000000000097e+00
1.411930000000000129e-01,-1.499439999999999940e-01,-4.285214999999999996e+00
1.279480000000000062e-01,-1.019089999999999996e-01,-3.883249999999999869e+00
1.205589999999999995e-01,-6.401600000000000346e-02,-3.658980000000000121e+00
1.207939999999999986e-01,-3.207000000000000128e-02,-3.666125000000000078e+00
1.205129999999999951e-01,0.000000000000000000e+00,-3.657588000000000061e+00
1.215230000000000060e-01,3.226400000000000101e-02,-3.688234000000000012e+00
1.315999999999999948e-01,6.987799999999999567e-02,-3.994070999999999927e+00
1.270880000000000065e-01,1.012229999999999935e-01,-3.857132000000000005e+00
1.278779999999999917e-01,1.358040000000000080e-01,-3.881126000000000076e+00
1.288660000000000083e-01,1.710659999999999958e-01,-3.911105000000000054e+00
1.393610000000000126e-01,2.219969999999999999e-01,-4.229606999999999672e+00
1.400099999999999956e-01,2.602030000000000176e-01,-4.249322000000000266e+00
1.396159999999999901e-01,2.965380000000000238e-01,-4.237358999999999654e+00
1.396050000000000069e-01,3.335779999999999856e-01,-4.237013000000000140e+00
1.392440000000000067e-01,3.696840000000000126e-01,-4.226060000000000372e+00
1.479350000000000109e-01,-3.780310000000000059e-01,-3.928609999999999935e+00
1.486580000000000124e-01,-3.453430000000000111e-01,-3.947801000000000116e+00
1.367740000000000067e-01,-2.541900000000000270e-01,-3.632229000000000152e+00
1.611769999999999869e-01,-2.620979999999999976e-01,-4.280261000000000315e+00
1.612069999999999892e-01,-2.246970000000000078e-01,-4.281056000000000417e+00
1.610310000000000075e-01,-1.870439999999999880e-01,-4.276402000000000037e+00
1.609200000000000075e-01,-1.495309999999999973e-01,-4.273433999999999955e+00
1.458569999999999867e-01,-1.016510000000000052e-01,-3.873419000000000167e+00
1.451490000000000002e-01,-6.743799999999999795e-02,-3.854620000000000157e+00
1.458919999999999939e-01,-3.389199999999999852e-02,-3.874366999999999894e+00
1.464439999999999908e-01,0.000000000000000000e+00,-3.889006999999999881e+00
1.505219999999999891e-01,3.496799999999999908e-02,-3.997323000000000182e+00
1.603350000000000053e-01,7.449400000000000466e-02,-4.257906000000000191e+00
1.601700000000000068e-01,1.116260000000000030e-01,-4.253528000000000198e+00
1.605270000000000030e-01,1.491659999999999930e-01,-4.263004999999999711e+00
1.604379999999999973e-01,1.863549999999999929e-01,-4.260638000000000147e+00
1.601100000000000023e-01,2.231690000000000063e-01,-4.251948999999999756e+00
1.601559999999999928e-01,2.604389999999999761e-01,-4.253160000000000274e+00
1.593789999999999929e-01,2.962009999999999921e-01,-4.232536999999999772e+00
1.588849999999999985e-01,3.321910000000000140e-01,-4.219395999999999702e+00
1.593630000000000047e-01,3.702119999999999855e-01,-4.232092999999999883e+00
1.690969999999999973e-01,-3.840970000000000217e-01,-3.991648999999999781e+00
1.652689999999999992e-01,-3.412740000000000218e-01,-3.901286999999999949e+00
1.821359999999999923e-01,-3.008830000000000116e-01,-4.299446999999999797e+00
1.812819999999999987e-01,-2.620379999999999932e-01,-4.279279999999999973e+00
1.818379999999999996e-01,-2.252929999999999933e-01,-4.292404999999999582e+00
1.811850000000000127e-01,-1.870699999999999863e-01,-4.276988000000000234e+00
1.809010000000000062e-01,-1.494209999999999983e-01,-4.270281999999999911e+00
1.651390000000000080e-01,-1.023010000000000030e-01,-3.898201999999999945e+00
1.643759999999999943e-01,-6.788600000000000190e-02,-3.880196000000000200e+00
1.635119999999999907e-01,-3.376400000000000234e-02,-3.859799999999999898e+00
1.640349999999999864e-01,0.000000000000000000e+00,-3.872158000000000211e+00
1.809699999999999920e-01,3.736899999999999944e-02,-4.271904000000000146e+00
1.801030000000000131e-01,7.438100000000000267e-02,-4.251439999999999664e+00
1.798530000000000129e-01,1.114170000000000021e-01,-4.245548999999999573e+00
1.797439999999999871e-01,1.484650000000000136e-01,-4.242963999999999736e+00
1.802400000000000113e-01,1.860950000000000104e-01,-4.254693999999999754e+00
1.799330000000000096e-01,2.229329999999999923e-01,-4.247442999999999635e+00
1.800120000000000053e-01,2.602019999999999889e-01,-4.249300999999999995e+00
1.802799999999999958e-01,2.978169999999999984e-01,-4.255626000000000353e+00
1.802320000000000033e-01,3.349550000000000027e-01,-4.254500000000000171e+00
1.877919999999999867e-01,-3.839040000000000230e-01,-3.989647000000000165e+00
1.847620000000000096e-01,-3.433740000000000125e-01,-3.925292999999999921e+00
2.017500000000000127e-01,-2.999550000000000272e-01,-4.286188000000000109e+00
2.023010000000000086e-01,-2.631780000000000230e-01,-4.297902999999999807e+00
2.012770000000000115e-01,-2.244400000000000006e-01,-4.276149000000000200e+00
2.016580000000000039e-01,-1.873869999999999980e-01,-4.284231000000000122e+00
2.013709999999999944e-01,-1.496959999999999957e-01,-4.278133999999999659e+00
1.839500000000000024e-01,-1.025589999999999974e-01,-3.908023000000000025e+00
1.824919999999999876e-01,-6.783100000000000240e-02,-3.877047999999999828e+00
1.817070000000000074e-01,-3.377000000000000141e-02,-3.860377000000000169e+00
1.851410000000000000e-01,0.000000000000000000e+00,-3.933342999999999812e+00
2.004670000000000063e-01,3.725599999999999745e-02,-4.258930000000000327e+00
2.003999999999999948e-01,7.448699999999999766e-02,-4.257503999999999955e+00
2.009990000000000110e-01,1.120639999999999969e-01,-4.270229999999999748e+00
2.005119999999999958e-01,1.490579999999999961e-01,-4.259892999999999930e+00
2.001040000000000041e-01,1.859429999999999972e-01,-4.251235000000000319e+00
2.001070000000000071e-01,2.231350000000000000e-01,-4.251286999999999594e+00
1.995679999999999954e-01,2.596220000000000194e-01,-4.239834000000000103e+00
1.996419999999999861e-01,2.968219999999999748e-01,-4.241416000000000075e+00
1.992510000000000114e-01,3.332709999999999839e-01,-4.233108999999999789e+00
2.084050000000000069e-01,-3.873130000000000184e-01,-4.025074000000000041e+00
2.038020000000000109e-01,-3.443260000000000209e-01,-3.936176000000000119e+00
2.146740000000000037e-01,-2.538860000000000006e-01,-4.146157999999999788e+00
2.137890000000000068e-01,-2.167189999999999950e-01,-4.129058999999999813e+00
2.221700000000000064e-01,-1.876790000000000125e-01,-4.290920999999999985e+00
2.221009999999999929e-01,-1.500970000000000082e-01,-4.289587000000000039e+00
2.128909999999999969e-01,-1.079050000000000009e-01,-4.111716999999999622e+00
2.019390000000000074e-01,-6.823600000000000498e-02,-3.900183999999999873e+00
2.014630000000000032e-01,-3.403699999999999781e-02,-3.891005999999999965e+00
2.206430000000000058e-01,0.000000000000000000e+00,-4.261432000000000109e+00
2.204800000000000093e-01,3.724999999999999839e-02,-4.258281000000000205e+00
2.199740000000000029e-01,7.432999999999999330e-02,-4.248522000000000354e+00
2.201809999999999878e-01,1.116000000000000048e-01,-4.252514999999999823e+00
2.204329999999999901e-01,1.489699999999999913e-01,-4.257385000000000197e+00
2.204010000000000136e-01,1.861849999999999894e-01,-4.256770000000000387e+00
2.203249999999999931e-01,2.233449999999999880e-01,-4.255297999999999803e+00
2.198209999999999886e-01,2.599730000000000096e-01,-4.245551999999999992e+00
2.193529999999999924e-01,2.964789999999999925e-01,-4.236513999999999669e+00
2.186639999999999973e-01,3.324909999999999810e-01,-4.223207000000000377e+00
2.260709999999999942e-01,-3.851330000000000031e-01,-4.002418999999999727e+00
2.305669999999999942e-01,-2.499580000000000135e-01,-4.082004999999999661e+00
2.425829999999999931e-01,-2.254160000000000053e-01,-4.294745999999999952e+00
2.415839999999999932e-01,-1.870729999999999893e-01,-4.277055999999999969e+00
2.301439999999999875e-01,-1.425710000000000033e-01,-4.074518999999999558e+00
2.408839999999999870e-01,-1.119190000000000046e-01,-4.264673000000000158e+00
2.418549999999999867e-01,-7.491299999999999348e-02,-4.281856000000000328e+00
2.420559999999999934e-01,-3.748800000000000049e-02,-4.285416999999999810e+00
2.416449999999999987e-01,0.000000000000000000e+00,-4.278140999999999750e+00
2.405430000000000068e-01,3.725300000000000139e-02,-4.258632000000000417e+00
2.403919999999999946e-01,7.445999999999999841e-02,-4.255959999999999965e+00
2.412009999999999987e-01,1.120659999999999989e-01,-4.270284000000000191e+00
2.408420000000000005e-01,1.491989999999999983e-01,-4.263929000000000080e+00
2.410529999999999895e-01,1.866619999999999946e-01,-4.267660000000000231e+00
2.399529999999999996e-01,2.229710000000000025e-01,-4.248175999999999952e+00
2.393180000000000029e-01,2.594460000000000099e-01,-4.236945999999999657e+00
2.395780000000000132e-01,2.968310000000000115e-01,-4.241539000000000392e+00
2.628630000000000133e-01,-2.254710000000000047e-01,-4.295805999999999791e+00
2.619679999999999787e-01,-1.872530000000000028e-01,-4.281184999999999796e+00
2.609420000000000073e-01,-1.492159999999999875e-01,-4.264408999999999672e+00
2.628920000000000146e-01,-1.127480000000000010e-01,-4.296274000000000370e+00
2.608699999999999908e-01,-7.458700000000000052e-02,-4.263233999999999746e+00
2.612119999999999997e-01,-3.734300000000000119e-02,-4.268825999999999787e+00
2.618599999999999817e-01,0.000000000000000000e+00,-4.279416999999999582e+00
2.603090000000000126e-01,3.721300000000000302e-02,-4.254063000000000372e+00
2.626310000000000033e-01,7.509100000000000497e-02,-4.292017000000000415e+00
2.608159999999999923e-01,1.118579999999999991e-01,-4.262354000000000198e+00
2.609090000000000020e-01,1.491969999999999963e-01,-4.263876999999999917e+00
2.607119999999999993e-01,1.863549999999999929e-01,-4.260658000000000278e+00
2.597240000000000104e-01,2.227790000000000048e-01,-4.244508999999999865e+00
2.591080000000000050e-01,2.592920000000000225e-01,-4.234439000000000064e+00
2.593329999999999802e-01,2.965909999999999935e-01,-4.238120000000000331e+00
2.713729999999999754e-01,-2.881929999999999770e-01,-4.118106000000000044e+00
2.676810000000000023e-01,-2.487379999999999869e-01,-4.062081000000000053e+00
2.824110000000000231e-01,-2.249359999999999971e-01,-4.285597000000000101e+00
2.818789999999999907e-01,-1.870930000000000093e-01,-4.277523000000000408e+00
2.819059999999999899e-01,-1.496889999999999887e-01,-4.277935000000000265e+00
2.832069999999999865e-01,-1.127849999999999964e-01,-4.297679999999999723e+00
2.815650000000000097e-01,-7.475400000000000100e-02,-4.272757000000000360e+00
2.820639999999999814e-01,-3.744299999999999712e-02,-4.280336000000000141e+00
2.799610000000000154e-01,0.000000000000000000e+00,-4.248420999999999559e+00
2.824909999999999921e-01,3.749999999999999861e-02,-4.286815999999999960e+00
2.793430000000000080e-01,7.416399999999999382e-02,-4.239042000000000421e+00
2.806719999999999771e-01,1.117749999999999994e-01,-4.259216999999999587e+00
2.808050000000000268e-01,1.491039999999999865e-01,-4.261231999999999687e+00
2.796399999999999997e-01,1.856079999999999952e-01,-4.243560000000000443e+00
2.806080000000000241e-01,2.234990000000000032e-01,-4.258234999999999992e+00
2.794599999999999862e-01,2.596829999999999972e-01,-4.240820000000000256e+00
2.905599999999999850e-01,-2.879970000000000030e-01,-4.115314999999999834e+00
3.031170000000000253e-01,-2.253330000000000055e-01,-4.293166000000000260e+00
3.033290000000000153e-01,-1.879089999999999927e-01,-4.296172999999999575e+00
3.015249999999999875e-01,-1.494330000000000103e-01,-4.270615000000000272e+00
3.022730000000000139e-01,-1.123519999999999935e-01,-4.281203999999999787e+00
3.004089999999999816e-01,-7.444000000000000616e-02,-4.254802999999999891e+00
3.023779999999999801e-01,-3.746399999999999730e-02,-4.282689999999999664e+00
3.005780000000000118e-01,0.000000000000000000e+00,-4.257206000000000046e+00
3.003810000000000091e-01,3.721700000000000008e-02,-4.254418000000000255e+00
3.011170000000000235e-01,7.461500000000000077e-02,-4.264842999999999940e+00
3.012810000000000210e-01,1.119840000000000002e-01,-4.267165000000000319e+00
2.994330000000000047e-01,1.483960000000000001e-01,-4.240988999999999898e+00
2.997250000000000192e-01,1.856760000000000077e-01,-4.245114000000000054e+00
2.991139999999999910e-01,2.223559999999999981e-01,-4.236460000000000115e+00
3.007090000000000041e-01,2.607990000000000030e-01,-4.259051999999999616e+00
3.085769999999999902e-01,-3.225819999999999799e-01,-4.097344999999999793e+00
3.083969999999999767e-01,-2.865719999999999934e-01,-4.094954000000000427e+00
3.228739999999999943e-01,-1.875159999999999882e-01,-4.287183999999999884e+00
3.221899999999999764e-01,-1.496939999999999937e-01,-4.278094000000000285e+00
3.226780000000000204e-01,-1.124409999999999993e-01,-4.284578999999999915e+00
3.222749999999999782e-01,-7.486700000000000299e-02,-4.279219999999999580e+00
3.220060000000000144e-01,-3.740199999999999775e-02,-4.275648999999999589e+00
3.216990000000000127e-01,0.000000000000000000e+00,-4.271576999999999735e+00
3.217430000000000012e-01,3.737200000000000244e-02,-4.272166000000000352e+00
3.213869999999999783e-01,7.466100000000000514e-02,-4.267439000000000426e+00
3.198779999999999957e-01,1.114649999999999946e-01,-4.247397000000000311e+00
3.217180000000000040e-01,1.494749999999999968e-01,-4.271825999999999901e+00
3.204500000000000126e-01,1.861069999999999947e-01,-4.254987999999999992e+00
3.201280000000000237e-01,2.231039999999999968e-01,-4.250709999999999766e+00
3.282349999999999990e-01,-3.588299999999999823e-01,-4.101982999999999713e+00
3.250520000000000076e-01,-3.198159999999999892e-01,-4.062211999999999712e+00
3.305330000000000212e-01,-2.890739999999999976e-01,-4.130703999999999709e+00
3.421190000000000064e-01,-1.496039999999999870e-01,-4.275496999999999659e+00
3.394469999999999987e-01,-1.113269999999999954e-01,-4.242111000000000409e+00
3.435219999999999940e-01,-7.510899999999999521e-02,-4.293031000000000041e+00
3.414130000000000220e-01,-3.732400000000000301e-02,-4.266672999999999938e+00
3.417649999999999855e-01,0.000000000000000000e+00,-4.271078000000000152e+00
3.417120000000000157e-01,3.735600000000000032e-02,-4.270413999999999710e+00
3.409070000000000156e-01,7.453700000000000603e-02,-4.260349999999999859e+00
3.411930000000000240e-01,1.118989999999999985e-01,-4.263925999999999661e+00
3.396390000000000242e-01,1.485190000000000121e-01,-4.244498000000000104e+00
3.421440000000000037e-01,1.870179999999999898e-01,-4.275803999999999938e+00
3.468720000000000137e-01,-3.581389999999999851e-01,-4.094073999999999991e+00
3.463169999999999860e-01,-3.218090000000000117e-01,-4.087520999999999738e+00
3.623100000000000209e-01,-1.122230000000000033e-01,-4.276280999999999999e+00
3.629109999999999836e-01,-7.494000000000000661e-02,-4.283369000000000426e+00
3.624299999999999744e-01,-3.742000000000000187e-02,-4.277700000000000280e+00
3.611770000000000258e-01,0.000000000000000000e+00,-4.262908000000000364e+00
3.618089999999999917e-01,3.735600000000000032e-02,-4.270367000000000246e+00
3.596170000000000200e-01,7.425900000000000556e-02,-4.244495999999999825e+00
3.593810000000000060e-01,1.113159999999999983e-01,-4.241704999999999615e+00
3.598020000000000107e-01,1.485950000000000049e-01,-4.246679999999999566e+00
3.619149999999999867e-01,-3.894029999999999991e-01,-4.046795999999999616e+00
3.617900000000000005e-01,-3.538799999999999724e-01,-4.045393999999999934e+00
3.651679999999999926e-01,-3.214659999999999740e-01,-4.083169999999999966e+00
3.824879999999999947e-01,0.000000000000000000e+00,-4.276841000000000115e+00
3.825580000000000092e-01,3.741900000000000087e-02,-4.277617000000000225e+00
3.806840000000000224e-01,7.447199999999999653e-02,-4.256666000000000061e+00
3.831740000000000146e-01,-3.916629999999999834e-01,-4.070275999999999783e+00
3.849650000000000016e-01,-3.577219999999999844e-01,-4.089307999999999943e+00
4.011449999999999738e-01,-4.260079999999999978e-01,-4.058266999999999847e+00
4.002209999999999934e-01,-3.896069999999999811e-01,-4.048917000000000321e+00
4.024070000000000147e-01,-3.561230000000000229e-01,-4.071036000000000321e+00
4.170079999999999898e-01,-4.579509999999999970e-01,-4.026988000000000234e+00
4.141619999999999746e-01,-4.198390000000000177e-01,-3.999502999999999808e+00
4.186420000000000141e-01,-3.890149999999999997e-01,-4.042761999999999745e+00
4.344589999999999841e-01,-4.563710000000000266e-01,-4.013097000000000136e+00
4.379870000000000152e-01,-4.246869999999999812e-01,-4.045683999999999614e+00
4.522820000000000173e-01,-4.903210000000000068e-01,-4.003656000000000326e+00
4.470199999999999729e-01,-4.500000000000000111e-01,-3.957072000000000145e+00
4.531890000000000085e-01,-4.211170000000000191e-01,-4.011677999999999855e+00
4.719599999999999906e-01,-4.911869999999999847e-01,-4.010733000000000104e+00
4.723300000000000276e-01,-4.564599999999999769e-01,-4.013872000000000106e+00
4.491069999999999784e-01,-4.815280000000000116e-01,-3.669734000000000052e+00
4.892270000000000230e-01,-4.895749999999999824e-01,-3.997567000000000093e+00
4.914250000000000007e-01,-4.566470000000000251e-01,-4.015522999999999954e+00
5.044319999999999915e-01,-5.555360000000000298e-01,-3.969144000000000005e+00
5.049690000000000012e-01,-5.213700000000000001e-01,-3.973368999999999929e+00
5.084520000000000151e-01,-4.899680000000000146e-01,-4.000777000000000250e+00
5.012950000000000461e-01,-5.989100000000000534e-01,-3.803586999999999829e+00
5.211930000000000174e-01,-5.534949999999999593e-01,-3.954563999999999968e+00
5.241000000000000103e-01,-5.217960000000000376e-01,-3.976621000000000183e+00
5.238180000000000058e-01,-4.867480000000000140e-01,-3.974479999999999791e+00
5.132259999999999600e-01,-6.249109999999999943e-01,-3.759838999999999931e+00
5.151790000000000536e-01,-5.942730000000000512e-01,-3.774141999999999886e+00
5.281719999999999748e-01,-5.754139999999999810e-01,-3.869333000000000133e+00
5.262289999999999468e-01,-5.395729999999999693e-01,-3.855094999999999938e+00
5.385839999999999517e-01,-5.177270000000000483e-01,-3.945608000000000004e+00
5.291949999999999710e-01,-6.556589999999999918e-01,-3.747595000000000010e+00
5.298559999999999937e-01,-6.236540000000000417e-01,-3.752276999999999862e+00
5.333539999999999948e-01,-5.947310000000000096e-01,-3.777051000000000158e+00
5.365469999999999962e-01,-5.650530000000000275e-01,-3.799660999999999955e+00
5.547520000000000229e-01,-5.498589999999999867e-01,-3.928580000000000183e+00
5.457659999999999734e-01,-6.870960000000000401e-01,-3.740267999999999926e+00
5.462369999999999726e-01,-6.549430000000000529e-01,-3.743503000000000025e+00
5.463010000000000366e-01,-6.222680000000000433e-01,-3.743937999999999988e+00
5.470420000000000282e-01,-5.903169999999999806e-01,-3.749013999999999847e+00
5.505090000000000261e-01,-5.610549999999999704e-01,-3.772778999999999883e+00
5.646940000000000293e-01,-5.416579999999999728e-01,-3.869991000000000181e+00
5.596560000000000423e-01,-7.150680000000000369e-01,-3.715603000000000211e+00
5.609750000000000014e-01,-6.841739999999999489e-01,-3.724364000000000008e+00
5.636349999999999971e-01,-6.546840000000000437e-01,-3.742021999999999959e+00
5.647750000000000270e-01,-6.232079999999999842e-01,-3.749591999999999814e+00
5.661580000000000501e-01,-5.918529999999999625e-01,-3.758770000000000167e+00
5.662089999999999623e-01,-5.590220000000000189e-01,-3.759107999999999894e+00
5.732869999999999910e-01,-5.327159999999999673e-01,-3.806100999999999956e+00
5.761199999999999655e-01,-7.137989999999999613e-01,-3.709006000000000025e+00
5.775689999999999991e-01,-6.830669999999999797e-01,-3.718334000000000028e+00
5.786369999999999569e-01,-6.517420000000000435e-01,-3.725207999999999853e+00
5.796740000000000226e-01,-6.202649999999999553e-01,-3.731886999999999954e+00
5.819419999999999593e-01,-5.899189999999999712e-01,-3.746487999999999818e+00
5.803749999999999742e-01,-5.556449999999999445e-01,-3.736396000000000051e+00
5.833030000000000159e-01,-5.255980000000000096e-01,-3.755246000000000084e+00
5.949339999999999629e-01,-6.829089999999999883e-01,-3.717474999999999863e+00
5.960199999999999942e-01,-6.515760000000000440e-01,-3.724258999999999986e+00
5.993659999999999544e-01,-6.224730000000000540e-01,-3.745171000000000028e+00
5.991159999999999819e-01,-5.894650000000000167e-01,-3.743608000000000047e+00
6.009820000000000162e-01,-5.584519999999999484e-01,-3.755271000000000026e+00
6.016099999999999781e-01,-5.261510000000000353e-01,-3.759195000000000064e+00
6.080870000000000442e-01,-6.780640000000000001e-01,-3.691098999999999908e+00
6.135709999999999775e-01,-6.515999999999999570e-01,-3.724391999999999925e+00
6.167639999999999789e-01,-6.222410000000000441e-01,-3.743773000000000017e+00
6.144770000000000509e-01,-5.873049999999999660e-01,-3.729887000000000175e+00
6.193779999999999841e-01,-5.591019999999999879e-01,-3.759640000000000093e+00
6.469909999999999828e-01,-7.348050000000000415e-01,-3.818159000000000081e+00
6.432639999999999469e-01,-6.973650000000000126e-01,-3.796165999999999929e+00
6.319230000000000125e-01,-6.524469999999999992e-01,-3.729238000000000053e+00
6.302379999999999649e-01,-6.181720000000000548e-01,-3.719291000000000125e+00
6.335929999999999618e-01,-5.887550000000000283e-01,-3.739094000000000140e+00
6.344109999999999472e-01,-5.567630000000000079e-01,-3.743917000000000161e+00
6.565910000000000357e-01,-7.255540000000000322e-01,-3.770087000000000188e+00
6.607819999999999805e-01,-6.969950000000000312e-01,-3.794154999999999944e+00
6.459869999999999779e-01,-6.489420000000000188e-01,-3.709204000000000168e+00
6.502890000000000059e-01,-6.206009999999999582e-01,-3.733905000000000030e+00
6.489700000000000468e-01,-5.867449999999999610e-01,-3.726328999999999780e+00
6.788600000000000190e-01,-7.304209999999999869e-01,-3.795379000000000058e+00
6.788870000000000182e-01,-6.972479999999999789e-01,-3.795530999999999988e+00
6.820070000000000299e-01,-6.670970000000000510e-01,-3.812971000000000110e+00
6.641200000000000436e-01,-6.171210000000000306e-01,-3.712969000000000186e+00
6.647119999999999695e-01,-5.851619999999999600e-01,-3.716276000000000135e+00
6.917349999999999888e-01,-7.251900000000000013e-01,-3.768194999999999961e+00
6.956099999999999506e-01,-6.961039999999999450e-01,-3.789302999999999866e+00
7.015810000000000102e-01,-6.686469999999999914e-01,-3.821830999999999978e+00
6.819699999999999651e-01,-5.849609999999999532e-01,-3.715003999999999973e+00
7.182520000000000016e-01,-7.341640000000000388e-01,-3.814827999999999886e+00
7.181800000000000406e-01,-7.007229999999999848e-01,-3.814448000000000061e+00
